store_token,transaction_id,receipt_token,transaction_time,amount,user_role
3fa2e9b8-f282-4d09-9b66-994c4effe132,07b513ca-6cdb-4207-b309-1fb1830a0bce,KSZI4X3,20260604T104606.000,189.97,Seller
7ae13118-81bb-4ac1-afa8-fcc3b9c96e0a,dd1db4ac-fa6a-4f28-92ff-1000d81276c9,WMMJI,20260604T170010.000,269.7,Seller
3fa2e9b8-f282-4d09-9b66-994c4effe132,4efca682-df38-47bf-adce-04b754909feb,QTRSL,20260604T155950.000,213.38,Manager
54697b19-da4f-49e7-b931-e74fbee8c0da,6e136c2e-d6c1-4805-855f-5cec4575a8e5,FILWON,20260604T212704.000,69.96,Manager
619de4ec-97bf-4f7a-a2db-823de12827b3,ae4e8d0c-5191-4b3e-9205-b740d26a3006,UI3KCCR,20260604T202720.000,198.91,Cashier
15f7f26c-bcfe-4a0f-9bab-8238f1b7b4df,0568a1ba-a406-4c78-8dea-b5b4cd965a01,YUEH62DNDYXG,20260604T114442.000,96.99,Seller
619de4ec-97bf-4f7a-a2db-823de12827b3,586bba2f-9b06-435e-93ec-7275ea078370,H859LY,20260604T173109.000,74.81,Cashier
619de4ec-97bf-4f7a-a2db-823de12827b3,2b9a9ba7-4fa1-4a79-9d6f-eb32794aa2ee,WWZF7JBTHF2,20260604T171054.000,270.31,Seller
7ae13118-81bb-4ac1-afa8-fcc3b9c96e0a,0f2d935e-3ec2-42f8-baae-e3db537d19ca,LF416Z6T,20260604T222455.000,194.75,Trainee
74752c03-8ac5-44d6-bfae-82bb7056304d,bf3e2d37-658b-4acf-9bed-43ca5c28336c,BNMDO91TR,20260604T182002.000,204.17,Cashier
74752c03-8ac5-44d6-bfae-82bb7056304d,bd62da90-8daf-4d2a-b764-75cf712ff6cb,VLDRPYM9S1P,20260604T222403.000,110.57,Trainee
0b718938-3ecc-4919-81de-e58ea054e10b,a946378e-5261-492e-9025-d6c0df9192ca,YAQV3WME9YXE,20260604T173733.000,184.65,Manager
7ae13118-81bb-4ac1-afa8-fcc3b9c96e0a,581869ce-bb40-4986-8108-e49eaa1e744a,EXEL8ILTKQMW,20260604T140946.000,221.59,Trainee
e89f7b31-7256-45cd-9cfd-773eadcf6ca6,dafb2ea9-7bcf-47c8-a4e5-af939788fc50,TVQVWG,20260604T192143.000,31.98,Seller
e89f7b31-7256-45cd-9cfd-773eadcf6ca6,469b295b-2d7e-430a-925c-92141d786ca9,66531Y7,20260604T124047.000,44.65,Manager
e89f7b31-7256-45cd-9cfd-773eadcf6ca6,c0804a03-7a15-494c-8cc1-cafe99607e64,YB8GLG39,20260604T181856.000,130.71,Trainee
0b718938-3ecc-4919-81de-e58ea054e10b,205045e2-a33a-4bb0-b481-650929f00877,XQD3GIBFT,20260604T091313.000,248.63,Manager
54697b19-da4f-49e7-b931-e74fbee8c0da,9de40120-5a62-4168-8e86-1adda0cf9374,F4864,20260604T180548.000,123.29,Manager
15f7f26c-bcfe-4a0f-9bab-8238f1b7b4df,5ea87185-0032-4cef-9e10-f415550b9124,RM6DQ897TW,20260604T203157.000,68.66,Cashier
9b97cd51-786f-4f11-b59d-8628e7c09d3a,a40b12e7-ccf8-486c-9ccf-95659bef48aa,XC7LIJT9B9,20260604T140152.000,277.66,Manager
ed1d2176-81d1-4f7f-8120-239866b57119,2eb47b1b-9a37-4c7d-961a-4576c8a979aa,37OG6LWBJ,20260604T185950.000,60.74,Manager
15f7f26c-bcfe-4a0f-9bab-8238f1b7b4df,c5919596-6d6e-41f3-b649-11e22d53862f,PLGZBX4CR0F,20260604T083717.000,124.43,Manager
619de4ec-97bf-4f7a-a2db-823de12827b3,32cef1a3-ff45-47ec-b3c1-b62d793cb4e1,UB1B25YF,20260604T184938.000,283.83,Manager
619de4ec-97bf-4f7a-a2db-823de12827b3,ef616fff-233e-4f9f-9be7-7d2d6b744088,E5WD1H2VR,20260604T113123.000,271.73,Cashier
ed1d2176-81d1-4f7f-8120-239866b57119,b3a1167f-9788-40a9-b332-59c0fe6b03cb,E9A1IZ05,20260604T205014.000,292.6,Cashier
a868d35c-272d-4e57-ae73-e9cbdbb4fa3b,8c7d6713-df5b-4f82-aa58-a447df964bea,HHPYBASCO81B,20260604T214650.000,34.69,Cashier
ed1d2176-81d1-4f7f-8120-239866b57119,4e02a36d-77a4-4565-b40d-48eea17c5d06,LJP1E8R4AU,20260604T194919.000,254.37,Cashier
0b718938-3ecc-4919-81de-e58ea054e10b,d23ece95-a2d5-41fd-8c48-32364e80261c,KLL204N,20260604T101323.000,290.44,Seller
74752c03-8ac5-44d6-bfae-82bb7056304d,1f028726-2a3a-47af-8537-4933191e15f5,QOMEGVE0J,20260604T081042.000,98.38,Trainee
619de4ec-97bf-4f7a-a2db-823de12827b3,7d614341-41f4-4648-a8ee-1743de84ee8a,I0PS4GOQFW4,20260604T084323.000,87.0,Seller
0c64347f-7789-4cd5-8349-0e099a24b07d,0e3e9975-63c3-4341-b0f5-614087afb9c9,XNZ301H,20260604T143721.000,108.4,Seller
809d7eb3-66cd-4589-a447-22c493d955a5,0d3bf671-5d53-4f45-8db0-1506c9612a18,F1QNGQ374,20260604T213512.000,235.35,Trainee
7ae13118-81bb-4ac1-afa8-fcc3b9c96e0a,f472e26d-fa82-4103-bc20-40cc77d096fe,T4Q5ZNAY0,20260604T173617.000,20.15,Cashier
cc453118-028c-4623-86b1-342d5724538f,35f05a48-c728-4138-a8cd-90fe24a6130d,ZQ63MKWT4IC,20260604T120008.000,17.17,Cashier
e89f7b31-7256-45cd-9cfd-773eadcf6ca6,82272d8d-4700-4411-8f13-8cb6d43dff1a,O6G48V8JB,20260604T182332.000,254.12,Manager
809d7eb3-66cd-4589-a447-22c493d955a5,69155729-4eec-4720-bab1-c6d386508efc,UXCW6C2LHW2K,20260604T162355.000,77.6,Cashier
ed1d2176-81d1-4f7f-8120-239866b57119,e4513bf7-6236-41b8-bff2-8e734201d536,4HN79AS,20260604T162634.000,82.96,Trainee
809d7eb3-66cd-4589-a447-22c493d955a5,87748d78-c276-478b-923b-57d403406eb6,X9R6E,20260604T131622.000,113.44,Seller
3fa2e9b8-f282-4d09-9b66-994c4effe132,c35857c8-95e5-4fd5-9210-f7f552622439,O5NZ2W4KT,20260604T195229.000,282.7,Manager
58f566e3-835f-42ea-ae7e-8315bc1c4bfd,618cfd25-3779-4ac7-9d75-e6432249c077,471S0M6AX,20260604T123025.000,102.2,Seller
0c64347f-7789-4cd5-8349-0e099a24b07d,9cc79249-a370-4216-9ad3-9ac6a9470147,9XEFZS37B,20260604T101548.000,188.54,Trainee
a868d35c-272d-4e57-ae73-e9cbdbb4fa3b,92894d46-c9c9-4003-94a9-8fac147dac10,4UVI5,20260604T081744.000,48.84,Cashier
74752c03-8ac5-44d6-bfae-82bb7056304d,135180c1-13fe-4960-8183-fd0fc4bae1d3,ZMH0T,20260604T225423.000,181.63,Seller
9b97cd51-786f-4f11-b59d-8628e7c09d3a,38d2bb99-071d-488b-bf7f-8a25390aaf79,H5NVIUJYVP,20260604T111620.000,57.04,Trainee
a868d35c-272d-4e57-ae73-e9cbdbb4fa3b,add536c7-e2f3-472d-9a48-359400460663,4DXJO,20260604T150649.000,38.65,Manager
58f566e3-835f-42ea-ae7e-8315bc1c4bfd,3645207f-af33-43ea-b098-4a5bc62fa894,IZ51PO,20260604T143305.000,180.53,Trainee
15f7f26c-bcfe-4a0f-9bab-8238f1b7b4df,727e4b4c-39d0-4aa5-9d52-520961779bef,IYB3UQBE7Z,20260604T160201.000,254.23,Cashier
58f566e3-835f-42ea-ae7e-8315bc1c4bfd,0abe6bb5-26ca-49fe-b144-6cd158508f87,1M07OBUXS7,20260604T214314.000,91.16,Trainee
54697b19-da4f-49e7-b931-e74fbee8c0da,0021b54f-5dc1-4908-943f-f288b91c32ba,N2RPM4F6K3C,20260604T200032.000,92.59,Cashier
e89f7b31-7256-45cd-9cfd-773eadcf6ca6,b9b9dd2b-f266-4395-8347-1ce45af40c00,SGR5EU2NJX1X,20260604T153731.000,253.06,Cashier
ed1d2176-81d1-4f7f-8120-239866b57119,a871a976-3f4a-4c5e-82fd-01aa35aefaeb,6CE8TCT9FYX2,20260604T184642.000,133.01,Manager
74752c03-8ac5-44d6-bfae-82bb7056304d,12d29e93-cc2e-48aa-85c3-9f5493ae2ebf,A3BPAQDUOIU,20260604T160308.000,22.82,Seller
25a8e238-9418-45ad-91be-696b1680f99c,8834a25f-44e4-4018-84ac-6eb6590f0cdc,R10FF6ISYUF1,20260604T200450.000,101.03,Cashier
e89f7b31-7256-45cd-9cfd-773eadcf6ca6,fb040316-f8eb-47a5-9a4c-a9550f02d288,GT01BXU17O6T,20260604T143651.000,97.88,Cashier
e89f7b31-7256-45cd-9cfd-773eadcf6ca6,689a7872-9fcf-42ec-913a-f286b7e79d38,4LM9CWIXC5O,20260604T165805.000,193.19,Trainee
3fa2e9b8-f282-4d09-9b66-994c4effe132,79ef2a22-9e2b-4a26-a0ba-e3fbca6db912,IX1L3OSI,20260604T153954.000,89.82,Manager
ce406b6e-efe3-4d98-87ac-00ccee88f463,f538dd67-22df-412e-8bf1-d4dbaafe0e6c,DPSN2QI1G,20260604T123348.000,242.51,Seller
619de4ec-97bf-4f7a-a2db-823de12827b3,d262262d-85c5-41c6-abf0-5a5be4085efa,3SQA9SZ,20260604T200642.000,184.5,Cashier
15f7f26c-bcfe-4a0f-9bab-8238f1b7b4df,bc886782-30f4-4cb1-8d0b-85dabc919391,LP3FNI8ECI6P,20260604T092147.000,281.47,Manager
9b97cd51-786f-4f11-b59d-8628e7c09d3a,5f77fbaa-ac88-443c-a6a3-1ee8bfae83b9,729TH784,20260604T152030.000,77.56,Trainee
54697b19-da4f-49e7-b931-e74fbee8c0da,476edba1-d85c-4101-b4b8-a4a15e462717,DJ0TN,20260604T175833.000,190.25,Manager
3fa2e9b8-f282-4d09-9b66-994c4effe132,3f93f206-8ad2-458a-ac80-c018cece0968,X3LPWCBJ4,20260604T131653.000,227.51,Cashier
cc453118-028c-4623-86b1-342d5724538f,82c7f219-66f2-418c-a8ff-f45719cf24ba,DBTY1ZX,20260604T162234.000,204.65,Cashier
ce406b6e-efe3-4d98-87ac-00ccee88f463,20ae615d-eb91-40c3-9c87-d06d69ca148c,EMX4M0ZM,20260604T172215.000,24.89,Trainee
809d7eb3-66cd-4589-a447-22c493d955a5,57c696c6-788b-486e-8fdc-e63ac593a774,BCLV016O,20260604T140605.000,33.16,Manager
7ae13118-81bb-4ac1-afa8-fcc3b9c96e0a,b691980b-ad11-40a5-910f-b89bcb17d8e4,5CZ2L,20260604T164840.000,104.6,Cashier
74752c03-8ac5-44d6-bfae-82bb7056304d,622ab9cc-4f7f-4b07-880e-d490aed828aa,W40J1805XAU,20260604T192624.000,210.64,Manager
58f566e3-835f-42ea-ae7e-8315bc1c4bfd,fcc15229-eb35-474b-af56-f44bd0f06c99,R53J8C,20260604T120602.000,251.23,Trainee
ed1d2176-81d1-4f7f-8120-239866b57119,aebe8c1c-3ffc-4406-906c-9acf2eae74e4,QAGQC4O,20260604T160109.000,92.75,Trainee
a868d35c-272d-4e57-ae73-e9cbdbb4fa3b,ddabb6eb-0c9a-4637-855d-a5deaf0a447f,NSKG1VD6NDTG,20260604T153149.000,182.28,Cashier
cc453118-028c-4623-86b1-342d5724538f,d0033746-a7c0-4075-a715-5fe36bf61e03,L9SU320T,20260604T140525.000,33.02,Seller
0c64347f-7789-4cd5-8349-0e099a24b07d,13a9202f-06fa-48f3-a0d3-baded7eacf08,DETDYJE0DAH,20260604T130240.000,75.2,Manager
809d7eb3-66cd-4589-a447-22c493d955a5,22ec8959-96f5-4d78-b362-835656a362ca,BLZ5ZY,20260604T203940.000,242.7,Seller
54697b19-da4f-49e7-b931-e74fbee8c0da,24052a36-3b3e-4fcf-b6cf-23a9873ff472,BSGM0W7V5,20260604T134847.000,295.08,Seller
74752c03-8ac5-44d6-bfae-82bb7056304d,4fc00352-a256-44ed-b76a-8d694091814c,DYHH1WPWYV5,20260604T195721.000,257.61,Trainee
25a8e238-9418-45ad-91be-696b1680f99c,3f3328df-0bc8-4f6f-89d9-d9241f16ce77,AC9K8HMUOL9,20260604T201058.000,77.41,Trainee
809d7eb3-66cd-4589-a447-22c493d955a5,fdf9770e-80f8-4063-8c5b-b7e36a4ccd6c,KSSPKVLTF9B,20260604T100836.000,36.6,Seller
74752c03-8ac5-44d6-bfae-82bb7056304d,1a37a027-ace3-4ea9-9745-6471f81c0d9a,LML99DWMLJQ,20260604T125504.000,36.71,Trainee
ce406b6e-efe3-4d98-87ac-00ccee88f463,f5903608-e4aa-4d80-9a86-29233b0875e0,5YPQX0F9J,20260604T200814.000,92.15,Cashier
54697b19-da4f-49e7-b931-e74fbee8c0da,01638b9e-7662-44bd-a8c8-085477d34614,HHB17WLBUUH,20260604T094452.000,178.6,Cashier
0c64347f-7789-4cd5-8349-0e099a24b07d,d57b3a18-1932-4e76-a13c-b482b0089b3a,HK8JB,20260604T183605.000,76.81,Manager
58f566e3-835f-42ea-ae7e-8315bc1c4bfd,301c6449-c736-41dd-bb94-1235a3e96a47,NX14C1XZO1R,20260604T112613.000,164.31,Manager
809d7eb3-66cd-4589-a447-22c493d955a5,aabf7bc6-b613-4160-927e-b879b09faf09,4MAT9H2W,20260604T205640.000,46.12,Manager
9b97cd51-786f-4f11-b59d-8628e7c09d3a,cf2b028d-f7c9-43e1-a6b6-4c26f2fe25f6,RI1BUZY5,20260604T084320.000,130.41,Cashier
e89f7b31-7256-45cd-9cfd-773eadcf6ca6,01b2d170-cb7a-4abb-9683-1e2f3778638b,J29YLY3A3L,20260604T133821.000,190.72,Seller
25a8e238-9418-45ad-91be-696b1680f99c,473cc751-c5b5-44f3-baaf-ec8360da9a2e,XBOWBV,20260604T173341.000,85.54,Manager
7ae13118-81bb-4ac1-afa8-fcc3b9c96e0a,6ff41356-0f4a-4a05-947d-a48c72c5880d,R0H3R,20260604T225847.000,266.8,Manager
25a8e238-9418-45ad-91be-696b1680f99c,fb40cdf0-2089-44cc-bd69-c9395d7fb43d,PO2WBGX1TJJ,20260604T121416.000,118.61,Cashier
619de4ec-97bf-4f7a-a2db-823de12827b3,652c6f8c-709a-42e9-8cdf-aac6ea285d9b,1BB16RQQ5,20260604T155909.000,233.06,Trainee
25a8e238-9418-45ad-91be-696b1680f99c,0301daf6-8383-4b31-81ca-c0c661c33562,IYCC70H,20260604T171456.000,200.37,Cashier
809d7eb3-66cd-4589-a447-22c493d955a5,5404d8d1-3e89-493b-bf1b-a6b4f2a49c05,P1MOMLY,20260604T191713.000,244.07,Seller
0b718938-3ecc-4919-81de-e58ea054e10b,cf0c1dbb-bd64-4f12-bb5b-6f50889aa2c8,FHP2BBSUMC,20260604T212936.000,297.31,Seller
ed1d2176-81d1-4f7f-8120-239866b57119,b1564b61-cb99-445f-8ba7-da42e15221e3,I9LVC,20260604T215358.000,80.68,Manager
58f566e3-835f-42ea-ae7e-8315bc1c4bfd,52284fa4-8eb3-4301-9586-c7729c099f0e,7MA2AZTOPDJ,20260604T211536.000,88.61,Cashier
ce406b6e-efe3-4d98-87ac-00ccee88f463,c2b44b4d-df93-40d2-a745-b327c7b88f10,MLT4FT8WVN06,20260604T091615.000,236.81,Manager
0c64347f-7789-4cd5-8349-0e099a24b07d,7603f80e-5827-4a7c-a315-a63f5e38f0e7,GPNIX2RO5J,20260604T190808.000,149.05,Trainee
54697b19-da4f-49e7-b931-e74fbee8c0da,32fa979a-338f-4393-a2eb-5ae26076a50e,QXU73,20260604T103552.000,258.11,Trainee
58f566e3-835f-42ea-ae7e-8315bc1c4bfd,683fd620-06f3-4fc6-8837-8f4393e73756,L6SFAKRGBV8,20260604T215524.000,139.82,Cashier
74752c03-8ac5-44d6-bfae-82bb7056304d,c396fc7c-2eec-4b44-bdc4-b2238ffaf2e6,YAXI72,20260604T170839.000,182.85,Cashier
25a8e238-9418-45ad-91be-696b1680f99c,0e6e59cc-8cf6-414b-ab39-63f4045cc69f,WEDPRO5,20260604T110410.000,245.8,Cashier
ce406b6e-efe3-4d98-87ac-00ccee88f463,b692aa9a-a2ec-43c4-8411-ca270dbc1f0f,BXXJTTSZG,20260604T124423.000,70.55,Trainee
3fa2e9b8-f282-4d09-9b66-994c4effe132,cea656dc-9e0c-42e4-b0ec-da8f972f5140,485N9RTNSN,20260604T115224.000,248.02,Cashier
809d7eb3-66cd-4589-a447-22c493d955a5,1f4c5ad4-32fc-4889-884a-ddde6694970c,N5269MWB1NP,20260604T203743.000,285.17,Seller
e89f7b31-7256-45cd-9cfd-773eadcf6ca6,af6f4d79-930c-4c07-a85c-1ded3c7f7336,8S6AQUJ23APV,20260604T225347.000,149.85,Cashier
619de4ec-97bf-4f7a-a2db-823de12827b3,e906970c-0b6c-4f0f-86bf-84af25763258,8DMN2I9K7FP,20260604T094205.000,19.4,Trainee
0c64347f-7789-4cd5-8349-0e099a24b07d,16e80fc4-35e2-45de-ba22-4a609fff47d3,DLVHGRA,20260604T105336.000,170.45,Seller
58fd0d3e-a590-4090-8104-363aeac003db,bfbb2979-945c-4d26-bf32-083dab19514a,99HA47OTWLR,20260604T214638.000,123.13,Manager
cc453118-028c-4623-86b1-342d5724538f,e062885b-9a05-4835-9aaa-404299dc455c,YDFSET31EAV,20260604T215907.000,139.35,Manager
619de4ec-97bf-4f7a-a2db-823de12827b3,fdb02e32-a4ed-4a16-ba8c-f554ebd1b7f3,COZ540H,20260604T133117.000,53.56,Seller
3fa2e9b8-f282-4d09-9b66-994c4effe132,fd8704f8-7089-4ff6-b872-549f22202ea8,052JUNX,20260604T115927.000,16.91,Trainee
cc453118-028c-4623-86b1-342d5724538f,b2407de2-aac3-4038-93ac-21258c88827c,U12HR,20260604T183924.000,18.96,Manager
0b718938-3ecc-4919-81de-e58ea054e10b,be0c8a8e-b3b7-4ca7-b0e0-84ad57599091,K9Y2J3UM,20260604T143839.000,48.87,Seller
74752c03-8ac5-44d6-bfae-82bb7056304d,50d18de8-22b9-4006-bb31-a104748a3e2e,IC2GA4OS9YR,20260604T140814.000,299.54,Trainee
15f7f26c-bcfe-4a0f-9bab-8238f1b7b4df,5d068389-e67e-415f-bad9-7fbf5cf1b59c,ZWBZXKN3SR,20260604T112024.000,141.9,Seller
0c64347f-7789-4cd5-8349-0e099a24b07d,4ac37d1d-ef5e-49fb-b749-a34483596b7b,Z2P9J,20260604T225509.000,291.12,Seller
74752c03-8ac5-44d6-bfae-82bb7056304d,3bc3fb41-d5bb-42ee-966a-e488876f3c30,GZYGYO,20260604T113907.000,47.63,Cashier
e89f7b31-7256-45cd-9cfd-773eadcf6ca6,4fa7076d-3415-469e-a36f-052b8c459845,JIAUK0O1GF,20260604T152702.000,231.68,Seller
a868d35c-272d-4e57-ae73-e9cbdbb4fa3b,84d346a0-c3fe-4da1-ac40-c46ef49110bd,UATQ14O75,20260604T134415.000,151.22,Trainee
15f7f26c-bcfe-4a0f-9bab-8238f1b7b4df,8e3bc6f1-f763-43ae-b06a-bfb19cd03145,5CGE97YTM,20260604T152106.000,216.09,Trainee
ce406b6e-efe3-4d98-87ac-00ccee88f463,57908e50-27fa-48b6-b9ea-590c7dd53fcf,6ZDRS0C,20260604T174311.000,288.27,Seller
25a8e238-9418-45ad-91be-696b1680f99c,2a28c62f-5431-4a04-adad-347130e109f8,2U1JIO0A,20260604T130005.000,278.42,Trainee
ed1d2176-81d1-4f7f-8120-239866b57119,7f29993d-ee77-43bc-a178-c36d4b02b5d8,1FYGRTQ345,20260604T201633.000,230.21,Cashier
3fa2e9b8-f282-4d09-9b66-994c4effe132,df719fe8-ee61-45c6-979f-4e2640eec468,QOPQZGIODTA,20260604T215037.000,33.45,Seller
a868d35c-272d-4e57-ae73-e9cbdbb4fa3b,b82ab395-1ebd-4eb4-b193-6eb3bbd2b118,5R6R6ZZDYXRJ,20260604T082409.000,202.82,Cashier
3fa2e9b8-f282-4d09-9b66-994c4effe132,12674538-5a73-42d0-a3a7-af61a1699dc3,BNLJSG,20260604T225347.000,61.51,Cashier
cc453118-028c-4623-86b1-342d5724538f,d512dc64-15d5-4d28-ac6c-0b4c49e2cf71,IPIX3S,20260604T165111.000,226.62,Manager
809d7eb3-66cd-4589-a447-22c493d955a5,8f25b515-659f-4b13-8d60-34814714dbde,9OUCB29,20260604T085047.000,86.06,Cashier
ce406b6e-efe3-4d98-87ac-00ccee88f463,fdfa72a4-1e96-41fa-b606-aee681afac2a,9H4UIXWBD8,20260604T080532.000,90.37,Cashier
54697b19-da4f-49e7-b931-e74fbee8c0da,161c302f-8ecb-4ee7-b1e7-2072cb4331c5,ER51LB15D,20260604T121917.000,204.06,Trainee
ed1d2176-81d1-4f7f-8120-239866b57119,17b42e92-8290-4be4-b526-ce67cecebfb2,SOQ83HF7RY6,20260604T220305.000,96.6,Trainee
e89f7b31-7256-45cd-9cfd-773eadcf6ca6,fc7c7a3d-25b8-4c91-989c-1e172738caa2,O5L3JMH,20260604T135528.000,237.51,Seller
7ae13118-81bb-4ac1-afa8-fcc3b9c96e0a,f1aebd59-4883-4654-950f-441205f0ddf9,REHYG326,20260604T171317.000,71.28,Seller
58f566e3-835f-42ea-ae7e-8315bc1c4bfd,60ca602d-e33f-4555-80e3-cd9da5d8e1d5,9ODZ3N2F6DZZ,20260604T191729.000,202.82,Trainee
3fa2e9b8-f282-4d09-9b66-994c4effe132,286373ef-d0b8-4bca-b5a6-118e7fcd90e0,OV2OXSHTQ,20260604T112026.000,188.15,Cashier
619de4ec-97bf-4f7a-a2db-823de12827b3,5e040482-72c9-42d1-841c-9d16a159f654,ZT467O8EAZ,20260604T120241.000,208.91,Trainee
ce406b6e-efe3-4d98-87ac-00ccee88f463,2e664807-d912-492e-9233-e180617683dd,NO2Z2IPU,20260604T184050.000,83.61,Manager
619de4ec-97bf-4f7a-a2db-823de12827b3,e49c8a2d-5daa-423b-a2ac-14213510cb34,MIHFUR6OU34A,20260604T115913.000,71.74,Seller
54697b19-da4f-49e7-b931-e74fbee8c0da,29ac0e42-2c04-4e19-bc0a-8359f7da83bd,JY40K,20260604T094945.000,156.75,Trainee
74752c03-8ac5-44d6-bfae-82bb7056304d,25a118b9-6cea-4f5d-ac95-6efc6282c2cf,YI8Q3LFZ6Z,20260604T191027.000,148.42,Manager
15f7f26c-bcfe-4a0f-9bab-8238f1b7b4df,d1168b4c-a6ee-42a7-9c5a-aacfd0e2f4fa,DWR6V1ERA,20260604T151507.000,159.6,Cashier
cc453118-028c-4623-86b1-342d5724538f,8219e753-9f7c-482f-a224-e0f9fed51971,NUSNS0EOD,20260604T202758.000,225.5,Trainee
58fd0d3e-a590-4090-8104-363aeac003db,e5bcfd3d-0e61-4114-ae4e-2cbf6fb82e88,ND83YWGLBK,20260604T142514.000,248.16,Trainee
619de4ec-97bf-4f7a-a2db-823de12827b3,f6edb606-b72c-46ec-b544-d9e376aee93b,DSR80SINBF,20260604T222126.000,21.11,Trainee
58fd0d3e-a590-4090-8104-363aeac003db,6ac0bf84-4a0f-4dd6-9af3-b2ca2c40d86e,4P9CYLA,20260604T181430.000,37.9,Manager
ed1d2176-81d1-4f7f-8120-239866b57119,0f8505d2-eccb-4990-acb4-fb08867a47da,EL4B2DIYCA,20260604T085702.000,91.64,Trainee
0b718938-3ecc-4919-81de-e58ea054e10b,f0833b21-e330-41ad-ab4f-7b7778f0db63,HP2YFAJ,20260604T165303.000,85.8,Cashier
54697b19-da4f-49e7-b931-e74fbee8c0da,c2b6d776-fccd-4975-8780-14e635bd7925,FRUDOU0,20260604T110955.000,232.8,Seller
58fd0d3e-a590-4090-8104-363aeac003db,8f4f30b6-0076-45ce-bb63-c12ed6735e47,4M22IQ,20260604T185051.000,259.64,Manager
ed1d2176-81d1-4f7f-8120-239866b57119,450e9c4d-2156-4802-b838-af740d56183c,HOL07F4Q5DUN,20260604T193615.000,255.86,Trainee
9b97cd51-786f-4f11-b59d-8628e7c09d3a,859075bc-9157-4812-8c37-75af05714ceb,02YHZMH7,20260604T223957.000,238.04,Manager
54697b19-da4f-49e7-b931-e74fbee8c0da,be7ce6b1-2c84-4008-a714-9fef80d19df4,388L861,20260604T215722.000,287.4,Manager
9b97cd51-786f-4f11-b59d-8628e7c09d3a,e7583e64-1260-431a-82ea-1973dfdffd3e,05DWIXISHKC0,20260604T195804.000,116.4,Cashier
74752c03-8ac5-44d6-bfae-82bb7056304d,97f50ac2-a437-497a-ab0e-91cbfbcef396,CZE65,20260604T155701.000,39.44,Seller
ed1d2176-81d1-4f7f-8120-239866b57119,22662db6-969c-4094-b29d-170a6a2e264d,OO86NMI8VH,20260604T100802.000,132.33,Seller
a868d35c-272d-4e57-ae73-e9cbdbb4fa3b,84f2099e-bcd9-4eb1-9a41-134900741e1c,AH8TBE,20260604T130909.000,234.49,Cashier
3fa2e9b8-f282-4d09-9b66-994c4effe132,2620d2c9-365c-4516-8472-90ff1e4a1e5e,BUZZ51A91,20260604T222514.000,221.05,Seller
809d7eb3-66cd-4589-a447-22c493d955a5,c34bb512-3e7f-4817-aac1-561489accab7,WDMQOBOB7,20260604T133820.000,196.82,Trainee
e89f7b31-7256-45cd-9cfd-773eadcf6ca6,2732096a-60df-4dbd-89fd-39b1b0cb54da,SQB5E,20260604T204204.000,293.15,Manager
0c64347f-7789-4cd5-8349-0e099a24b07d,1077083f-f0e9-4d5f-8f75-d5d4ff387d16,RCYDDTY8G,20260604T222120.000,273.3,Trainee
9b97cd51-786f-4f11-b59d-8628e7c09d3a,eaa00091-d094-4b49-ad61-33af58f1e650,BVJT3919,20260604T200002.000,131.19,Manager
25a8e238-9418-45ad-91be-696b1680f99c,cf340e3c-7403-4898-a2ee-fae8ecc96265,HP1WT1DB56WZ,20260604T173040.000,154.1,Cashier
15f7f26c-bcfe-4a0f-9bab-8238f1b7b4df,c4e0f6b7-26f7-4d7e-8d33-db314f7bae0d,ZTDQI,20260604T102738.000,200.82,Manager
54697b19-da4f-49e7-b931-e74fbee8c0da,ae349240-b4a9-410a-9da1-1f1e9c0e0654,KA7KHDBN9,20260604T185002.000,138.9,Seller
25a8e238-9418-45ad-91be-696b1680f99c,20bb7348-0194-4f64-98ca-c95194b83da4,QSBAWQ8NLM,20260604T211612.000,132.61,Trainee
58f566e3-835f-42ea-ae7e-8315bc1c4bfd,43e85f01-7e6e-4fbf-8f33-560c33c35f5f,MU8WUO,20260604T155457.000,90.14,Manager
809d7eb3-66cd-4589-a447-22c493d955a5,48253318-253e-4903-a9e2-d03b1c4cfc13,9M8G4RJ,20260604T090356.000,212.57,Trainee
809d7eb3-66cd-4589-a447-22c493d955a5,6b5077e9-9b39-4977-a0c6-ff19d3c406e4,5C0BL6R,20260604T185416.000,152.86,Trainee
619de4ec-97bf-4f7a-a2db-823de12827b3,18eab1df-edba-492b-90cf-92c0f94057da,4CB6F5,20260604T134901.000,10.35,Trainee
a868d35c-272d-4e57-ae73-e9cbdbb4fa3b,1822a202-e4d1-402b-96a4-38855ce82b30,L9B2U5,20260604T182402.000,177.44,Manager
0c64347f-7789-4cd5-8349-0e099a24b07d,5785d621-8a90-4333-b52c-d2f270dd7787,DTCQ0H8,20260604T130835.000,69.14,Seller
619de4ec-97bf-4f7a-a2db-823de12827b3,2ba4ace8-315f-4b24-a043-3e8f2da14959,W7O0MNVQX80,20260604T124818.000,25.85,Manager
ce406b6e-efe3-4d98-87ac-00ccee88f463,bbd5f278-33ab-4b8a-a4ca-28b116568eba,WCQ8B,20260604T095335.000,118.5,Manager
0c64347f-7789-4cd5-8349-0e099a24b07d,4dd358f6-2e46-4ea7-b6c6-7ca4e094ca43,QRG9TST3ZQJ,20260604T102946.000,192.58,Manager
58fd0d3e-a590-4090-8104-363aeac003db,16f91033-2922-47e7-80ee-cea5c4cae4dc,YYW38,20260604T112739.000,101.69,Seller
0b718938-3ecc-4919-81de-e58ea054e10b,683114e3-ce2c-4d18-91ff-9ddc06a00bf0,0EVKAY96,20260604T135608.000,178.1,Seller
58f566e3-835f-42ea-ae7e-8315bc1c4bfd,6d4eb962-3649-4ac7-ad7d-de722501fc36,CTQOOWX,20260604T083015.000,77.43,Seller
ed1d2176-81d1-4f7f-8120-239866b57119,5d6b1573-5053-4be1-8cb8-5e2ca553cf69,AAVALOQW7TR4,20260604T195629.000,286.34,Cashier
ce406b6e-efe3-4d98-87ac-00ccee88f463,ebf95905-5cef-4aa7-9a09-bbd73be41f7d,4M1IZ3H,20260604T111536.000,130.16,Cashier
3fa2e9b8-f282-4d09-9b66-994c4effe132,6705b834-e39d-41f4-9bdc-85b473598e7d,QTKPDXMIKTZA,20260604T185810.000,77.0,Trainee
9b97cd51-786f-4f11-b59d-8628e7c09d3a,6b83f536-555f-400a-9a44-1ba0a31f6a30,S9BP72P5Y,20260604T191542.000,91.85,Trainee
809d7eb3-66cd-4589-a447-22c493d955a5,80125b2f-a8eb-42f6-bf1d-da62c1aaf1e2,1K3EUQPUCK,20260604T150039.000,177.03,Seller
7ae13118-81bb-4ac1-afa8-fcc3b9c96e0a,e7d4f3e3-9454-481c-9f84-f657c8199cfd,98NH67STFE,20260604T185142.000,218.56,Manager
74752c03-8ac5-44d6-bfae-82bb7056304d,47eb90bf-9ab1-483d-a558-7372e882b184,D6Z8CHFAM13,20260604T133739.000,59.7,Seller
619de4ec-97bf-4f7a-a2db-823de12827b3,ad46b4ff-b7ec-4e39-8207-e6aa02199378,7SEM56OFC,20260604T200834.000,282.75,Trainee
809d7eb3-66cd-4589-a447-22c493d955a5,5485ac57-0291-4511-a859-67d79fe43d74,Y8KVQ2,20260604T153925.000,201.37,Manager
54697b19-da4f-49e7-b931-e74fbee8c0da,ee996ab0-ab48-4e29-bffe-0628e839dadc,QXTKAY628,20260604T200036.000,109.33,Seller
809d7eb3-66cd-4589-a447-22c493d955a5,1e063dab-072a-4fd8-b536-05a7aed054c6,VS9MTB7Y4QJ,20260604T145216.000,178.95,Trainee
9b97cd51-786f-4f11-b59d-8628e7c09d3a,d6496565-5c2d-4948-b8b7-8789a4d4158c,9G4AMYDU1Y,20260604T105412.000,224.5,Seller
7ae13118-81bb-4ac1-afa8-fcc3b9c96e0a,318d7207-d31c-495d-9067-931da06c43c2,6YPR8PY,20260604T161942.000,42.44,Seller
15f7f26c-bcfe-4a0f-9bab-8238f1b7b4df,a99889fd-73cd-47da-bf13-325e8cf87356,09GWJZ,20260604T163454.000,86.19,Seller
0c64347f-7789-4cd5-8349-0e099a24b07d,c8662099-9635-4b21-bb47-3be7e81bb479,FYAB0WLZ,20260604T090934.000,185.67,Seller
58fd0d3e-a590-4090-8104-363aeac003db,ac4b896a-7daa-4b5a-9812-cd214da5d917,HVZH46L8NUEI,20260604T205653.000,184.15,Seller
ed1d2176-81d1-4f7f-8120-239866b57119,2d8b72d9-863b-4e46-b59b-8b706fbe88f4,3M3P5YLE,20260604T095247.000,201.73,Cashier
0c64347f-7789-4cd5-8349-0e099a24b07d,a32a5db0-edc1-4189-b07d-eb8892e626b8,9I3ZT,20260604T175724.000,215.48,Trainee
7ae13118-81bb-4ac1-afa8-fcc3b9c96e0a,3dfd9184-05a9-4392-a70d-104a3efe6ffc,473WNW,20260604T202254.000,196.35,Seller
ed1d2176-81d1-4f7f-8120-239866b57119,5852af56-022f-4a0a-8c30-497c4cbe4cb5,FTU2JKIYACG,20260604T183944.000,241.89,Manager
25a8e238-9418-45ad-91be-696b1680f99c,7c140759-b4b1-4aa6-88c7-64103e475bcd,SDEK758F,20260604T131450.000,123.37,Cashier
25a8e238-9418-45ad-91be-696b1680f99c,f24f5a24-4f15-423d-a4a4-85a44a76bb88,VJ94M1,20260604T131123.000,196.9,Trainee
0b718938-3ecc-4919-81de-e58ea054e10b,5030c3d1-abd6-4d0d-9deb-8b21c7ef3d6a,YJG4P2QPE7VU,20260604T212420.000,298.09,Seller
809d7eb3-66cd-4589-a447-22c493d955a5,52516d0c-e58d-4261-9529-deab918b4c18,WC4GRG,20260604T215139.000,170.97,Seller
25a8e238-9418-45ad-91be-696b1680f99c,5c0c4c8c-cc92-4b5c-86db-2106954418b0,FGTU87,20260604T084806.000,163.69,Cashier
619de4ec-97bf-4f7a-a2db-823de12827b3,1ba307ab-2832-42c8-a66b-ada60fc79be2,78QR6VF,20260604T152710.000,22.61,Manager
ed1d2176-81d1-4f7f-8120-239866b57119,699b80ca-f668-43ed-9935-2c85fba8e786,42ACA8R3W,20260604T085733.000,61.65,Seller
a868d35c-272d-4e57-ae73-e9cbdbb4fa3b,a2bdd3ed-901f-49ba-a847-a40e37870cd1,ACGQA5OX84SG,20260604T160049.000,259.56,Trainee
ce406b6e-efe3-4d98-87ac-00ccee88f463,7ded483a-696f-4a92-9e04-078a27a963d1,ZY5LNFNB,20260604T135029.000,77.83,Cashier
58f566e3-835f-42ea-ae7e-8315bc1c4bfd,9dd1597e-99b5-42e5-8815-148818878852,8AT4MUIZYQ,20260604T104339.000,56.26,Trainee
0b718938-3ecc-4919-81de-e58ea054e10b,35f3cf46-4538-49f9-abd3-1a5c02b6b86a,2N3AXZ3,20260604T185941.000,80.31,Trainee
a868d35c-272d-4e57-ae73-e9cbdbb4fa3b,47b9a612-29d1-46d8-8bf8-e3068aa2cd51,Z9XOH65WF,20260604T181121.000,185.24,Cashier
ed1d2176-81d1-4f7f-8120-239866b57119,989971ee-93c2-4764-ad11-eca2a9ffdb8a,46ICHVNG07C,20260604T193252.000,176.83,Manager
ce406b6e-efe3-4d98-87ac-00ccee88f463,4df5954e-b8b2-4dd0-8b0e-79f7b10986eb,1QNXKN6YCBK,20260604T131539.000,50.42,Cashier
809d7eb3-66cd-4589-a447-22c493d955a5,a352688e-de52-46ca-97f5-f7ac706dd14c,04PKZ02DT4WZ,20260604T093749.000,225.51,Manager
e89f7b31-7256-45cd-9cfd-773eadcf6ca6,4d136e68-f31f-407f-abf0-88ba7fb6a6c8,8E5G1Z9,20260604T103903.000,85.42,Trainee
58fd0d3e-a590-4090-8104-363aeac003db,732ecd18-f207-43ee-ad2a-a00b9375f655,2N6P4Q37,20260604T180214.000,201.44,Manager
a868d35c-272d-4e57-ae73-e9cbdbb4fa3b,0fdbb9a7-0d80-40bf-b9a3-11ea07a1095d,KFE44,20260604T103908.000,14.93,Trainee
74752c03-8ac5-44d6-bfae-82bb7056304d,457a87e3-0373-42d2-add2-0a2266845b65,4G6HM3AS,20260604T120534.000,117.39,Cashier
0c64347f-7789-4cd5-8349-0e099a24b07d,ce53d12d-e265-4bc0-9f66-2bf94cd385d6,WZEFUVQ4,20260604T143301.000,180.93,Manager
7ae13118-81bb-4ac1-afa8-fcc3b9c96e0a,ebbf40b4-05fa-4699-892a-db56abf73fa6,Z15SS5K3H,20260604T154608.000,257.02,Seller
58f566e3-835f-42ea-ae7e-8315bc1c4bfd,89b17c4b-be97-4ccc-8639-7d464f0afd1f,WTC07,20260604T173148.000,268.65,Cashier
809d7eb3-66cd-4589-a447-22c493d955a5,f2c70e36-24af-4303-9836-fb19cf23a64a,Z8X91,20260604T220022.000,59.62,Trainee
58f566e3-835f-42ea-ae7e-8315bc1c4bfd,c59f8ff4-a780-493f-901f-e9d8172864a4,0NSMEM,20260604T110151.000,47.71,Manager
58f566e3-835f-42ea-ae7e-8315bc1c4bfd,c04e08e3-3ba9-4945-878f-091ce89a3399,A1B2S2Y,20260604T180828.000,237.24,Manager
54697b19-da4f-49e7-b931-e74fbee8c0da,1170c39f-09c8-4fbb-b34a-b3b29c25c2d1,51YK2FMF,20260604T095108.000,28.62,Trainee
e89f7b31-7256-45cd-9cfd-773eadcf6ca6,aa84f40f-bb2f-44de-ae5f-5e6965eaf362,E153E22,20260604T162345.000,209.3,Manager
3fa2e9b8-f282-4d09-9b66-994c4effe132,bf07701b-362e-458f-9336-bd79880a4a00,2KNOALNDIWZN,20260604T224805.000,87.13,Seller
e89f7b31-7256-45cd-9cfd-773eadcf6ca6,d3cd9086-5feb-4f4e-8efa-14db6a9223cc,DRMLJW6Q6XZO,20260604T224726.000,45.56,Cashier
7ae13118-81bb-4ac1-afa8-fcc3b9c96e0a,cf4e65d0-d976-42c1-8576-1e43792e1958,A7NY9ACSJM,20260604T102558.000,285.32,Seller
cc453118-028c-4623-86b1-342d5724538f,f07b7f64-a71c-46fe-8840-1c31024ec59a,T12WCM,20260604T175914.000,112.73,Cashier
9b97cd51-786f-4f11-b59d-8628e7c09d3a,142de496-2a2b-4d1e-83c5-861ea7c93a7e,P30WELL,20260604T104214.000,219.56,Cashier
0b718938-3ecc-4919-81de-e58ea054e10b,74a50265-34e2-480e-b3a3-9f20db48a2f9,HW1U76B2C8,20260604T165436.000,84.99,Manager
7ae13118-81bb-4ac1-afa8-fcc3b9c96e0a,a0d2b34a-2591-4031-9c32-2c9b0f9da075,4XJQ0GZ3N,20260604T141459.000,64.8,Cashier
58f566e3-835f-42ea-ae7e-8315bc1c4bfd,2b4b6b31-28b1-4bd2-8a05-3048677032a5,7S1JRQ3HZ,20260604T184313.000,126.44,Cashier
ed1d2176-81d1-4f7f-8120-239866b57119,a5c26a38-801e-4e0e-9f7b-bcb724d5c52e,3HJ8CZ7,20260604T205336.000,215.53,Cashier
58fd0d3e-a590-4090-8104-363aeac003db,20f2ce81-a57e-4b31-b8bd-610e52acbeb4,U8FBD0GSSZ,20260604T151110.000,111.76,Manager
74752c03-8ac5-44d6-bfae-82bb7056304d,61912665-6f39-445b-8b30-8cb79d1e567d,GFJ0OI,20260604T115602.000,131.21,Cashier
0c64347f-7789-4cd5-8349-0e099a24b07d,b5cfff9c-0004-40a6-944f-f83c5ae64bcf,RGKUG,20260604T182652.000,257.38,Manager
ce406b6e-efe3-4d98-87ac-00ccee88f463,6d044d7c-875d-455e-a3d6-a69236ab111f,QE1IFD,20260604T193828.000,214.3,Trainee
54697b19-da4f-49e7-b931-e74fbee8c0da,321c6aff-2a7c-4b03-b183-d0cd04337fc2,UL3H4,20260604T222916.000,217.55,Manager
809d7eb3-66cd-4589-a447-22c493d955a5,4af674db-085b-4c9c-bd65-d3763673ea1d,JOD7S,20260604T104226.000,229.1,Seller
58fd0d3e-a590-4090-8104-363aeac003db,18f05d5f-5734-4145-a9a4-1b8418834a9e,Y6SWWRYMHK,20260604T104315.000,134.93,Trainee
809d7eb3-66cd-4589-a447-22c493d955a5,81290e9e-dcf1-4548-afbf-e1da3afa90a6,YSVMZ1J2PZZ,20260604T172802.000,246.42,Cashier
7ae13118-81bb-4ac1-afa8-fcc3b9c96e0a,d3794c88-b2e5-4c7e-9cda-c4d674ee64ba,4ULPV93IE,20260604T104323.000,122.44,Trainee
619de4ec-97bf-4f7a-a2db-823de12827b3,0887b306-0ff0-4dcb-ae57-54ab2893813f,ZDBI8AFCMBX7,20260604T205705.000,277.76,Trainee
58f566e3-835f-42ea-ae7e-8315bc1c4bfd,7182504f-62f4-49e6-a15b-24d73e054178,53WG0Y2P,20260604T175946.000,215.6,Trainee
0c64347f-7789-4cd5-8349-0e099a24b07d,3f34aeb1-b0f2-4119-916c-2aee7987db9a,BWCR5LI,20260604T110628.000,175.9,Trainee
ce406b6e-efe3-4d98-87ac-00ccee88f463,c6c632a4-1b9c-4c31-a93e-42d105b8a9a9,SP1HKJZTYUTZ,20260604T140258.000,120.65,Seller
619de4ec-97bf-4f7a-a2db-823de12827b3,75057d26-cfed-4bb1-b45e-4eaf26226cbf,CF1ZE85SN,20260604T192415.000,94.89,Trainee
58f566e3-835f-42ea-ae7e-8315bc1c4bfd,9618e7e5-c7d0-4e46-9ab0-07fd55d25d31,LE5EJA2,20260604T113043.000,258.24,Manager
58fd0d3e-a590-4090-8104-363aeac003db,8f1b6dfd-67d9-4778-9006-7694c0ab5e7b,CSOFFHFJMU4P,20260604T132349.000,199.52,Trainee
58f566e3-835f-42ea-ae7e-8315bc1c4bfd,dbe9e47d-a256-490c-b206-8d3bee2f0f2f,AITZ7IZ,20260604T124946.000,40.45,Manager
25a8e238-9418-45ad-91be-696b1680f99c,290049e3-7f41-48dc-8f91-cb0f1f4bba04,WH5B86EDOJ,20260604T201519.000,220.72,Manager
809d7eb3-66cd-4589-a447-22c493d955a5,387431e8-b7ec-4d1e-8b69-3d65c021ab66,HOVTGFU9,20260604T221600.000,218.61,Manager
54697b19-da4f-49e7-b931-e74fbee8c0da,9345a5bc-ec4b-4bb0-98ba-42433373d773,AKXAT5POZX,20260604T095924.000,265.42,Seller
0c64347f-7789-4cd5-8349-0e099a24b07d,afe4ebde-c478-4171-bfd3-f2bd902acdce,20GUBZ1HF,20260604T121749.000,39.33,Manager
e89f7b31-7256-45cd-9cfd-773eadcf6ca6,a7c66952-9c67-4144-8687-35842a6455f1,XJR4BAH8,20260604T085713.000,119.49,Trainee
0c64347f-7789-4cd5-8349-0e099a24b07d,f85c0794-654a-43a9-949f-51cdb934a145,S5E19YT76YHW,20260604T160746.000,9.22,Manager
3fa2e9b8-f282-4d09-9b66-994c4effe132,767019a6-3f61-45db-abc2-ba212370b81e,XGWN89PBCJZ8,20260604T150430.000,218.7,Seller
0b718938-3ecc-4919-81de-e58ea054e10b,2bfd9c24-513f-4b68-8b96-2c7052c8cabe,F90T19,20260604T082121.000,62.24,Trainee
ed1d2176-81d1-4f7f-8120-239866b57119,6497b475-d1c7-42b4-a128-0b81eb3ece0e,FPU8O3YD,20260604T133523.000,92.83,Cashier
58fd0d3e-a590-4090-8104-363aeac003db,fcfd12c0-c0c8-4250-9959-4a2cc420999c,0WB4XQNY0,20260604T171833.000,49.11,Cashier
15f7f26c-bcfe-4a0f-9bab-8238f1b7b4df,afaf6fb9-3de1-456f-b8f1-c5f4cc04ec5a,KM2UW,20260604T094108.000,287.99,Manager
ce406b6e-efe3-4d98-87ac-00ccee88f463,5c9fe94e-17b6-46d0-bbf8-34eb0e2ff115,9MXH8V,20260604T121208.000,146.15,Cashier
3fa2e9b8-f282-4d09-9b66-994c4effe132,9201d7f3-ca7a-4e9b-ab56-6fb2e1b86766,N7QDQT,20260604T083329.000,96.35,Seller
809d7eb3-66cd-4589-a447-22c493d955a5,067161ee-585b-4b5c-9136-bb378a157ae9,9HFYM,20260604T111552.000,185.43,Cashier
58fd0d3e-a590-4090-8104-363aeac003db,d0d473b4-b37e-4c7d-84b1-22248a093783,3LON8PKKH6O,20260604T134958.000,179.73,Manager
ce406b6e-efe3-4d98-87ac-00ccee88f463,73d8405c-5fee-41e9-9bcc-a7a428b967b4,RQUX2,20260604T142124.000,75.77,Trainee
e89f7b31-7256-45cd-9cfd-773eadcf6ca6,f680644e-0ccc-46d6-a162-82d48c5da7ca,GN1HZYSY,20260604T111834.000,173.67,Seller
cc453118-028c-4623-86b1-342d5724538f,66a6fa2a-9c97-4c7e-906a-d36a84c06000,Q1I4J3P10Q3,20260604T110710.000,262.77,Seller
58fd0d3e-a590-4090-8104-363aeac003db,f15bada4-aa98-4ae9-a788-95fae6f7ff52,C42QU,20260604T143932.000,140.24,Trainee
7ae13118-81bb-4ac1-afa8-fcc3b9c96e0a,0dbb35fd-6d19-4853-b0f6-8fb5a49bb9e0,N1HU9AHBAWAZ,20260604T090653.000,104.9,Seller
74752c03-8ac5-44d6-bfae-82bb7056304d,d929a5b3-782e-48e9-a094-2f08ccea6460,L25R9NXZA,20260604T142152.000,32.02,Trainee
e89f7b31-7256-45cd-9cfd-773eadcf6ca6,65cdbe66-013c-4526-bc3f-1d24ac3153f9,H25JAB4LND,20260604T165253.000,68.19,Cashier
58f566e3-835f-42ea-ae7e-8315bc1c4bfd,ae3ee67b-5154-4a90-8243-edfd098a1ec2,YWCL4,20260604T165524.000,62.86,Cashier
9b97cd51-786f-4f11-b59d-8628e7c09d3a,45d3f2c6-b57f-4c9d-b7dc-6260b517fc14,CT19B1T8MR,20260604T164825.000,164.69,Manager
74752c03-8ac5-44d6-bfae-82bb7056304d,6aff11d6-9e65-48e9-9107-dfc96e2a42cc,Y1G17M2VF,20260604T121627.000,81.38,Cashier
e89f7b31-7256-45cd-9cfd-773eadcf6ca6,b2d380da-ee54-4ed7-a2dc-ac87123f30e7,VBAQG4BHZ0Z,20260604T223653.000,257.21,Cashier
619de4ec-97bf-4f7a-a2db-823de12827b3,bd39c53f-9572-4ecf-b5f8-a2728d240b54,UNYDN,20260604T105043.000,264.46,Manager
58fd0d3e-a590-4090-8104-363aeac003db,9bdd0ca3-a06d-4710-ad76-3713a090faaf,WJYV94MDLUP,20260604T201400.000,108.28,Trainee
0c64347f-7789-4cd5-8349-0e099a24b07d,4d8e014c-9cfb-4a6d-bb77-19a927d085cf,WQGWQ550HE0,20260604T114504.000,197.82,Cashier
0c64347f-7789-4cd5-8349-0e099a24b07d,c56409ce-35c3-405f-8ed1-2c40235e8cdd,1UEFLO3BE9,20260604T103545.000,200.69,Cashier
58f566e3-835f-42ea-ae7e-8315bc1c4bfd,d7e38e5e-6bf5-4695-8fc4-360254b18fa1,O557JEW3ISB,20260604T134454.000,54.27,Trainee
cc453118-028c-4623-86b1-342d5724538f,831eb1c8-57ab-471a-9c62-f644aadd78ba,20OF924,20260604T201159.000,200.44,Cashier
0b718938-3ecc-4919-81de-e58ea054e10b,24506cb6-ebf9-4ffd-abab-35f155bd6f76,UMO3VWKPZ,20260604T143254.000,60.85,Seller
3fa2e9b8-f282-4d09-9b66-994c4effe132,7cb90ec6-6593-4696-bae4-4d9895e07d47,CDPQOLVVE9,20260604T195520.000,225.37,Cashier
809d7eb3-66cd-4589-a447-22c493d955a5,3b3d76fa-e212-4bc7-8e2d-b5f5eb7d1e49,KFNFCHIQ,20260604T190402.000,33.93,Cashier
0b718938-3ecc-4919-81de-e58ea054e10b,10f3c03b-1427-4f2d-a11b-02bdb3f7f40e,2WMRIWPKY9F,20260604T091300.000,43.94,Seller
0b718938-3ecc-4919-81de-e58ea054e10b,028cb364-9e79-4a19-935c-4a2c271b85fb,EY8GUIA4X676,20260604T143422.000,37.56,Manager
ed1d2176-81d1-4f7f-8120-239866b57119,9d015ec5-bc16-49c8-858a-5fd56a487d64,875BB,20260604T170852.000,104.83,Cashier
0c64347f-7789-4cd5-8349-0e099a24b07d,e40488b6-41c5-46ca-b514-cfe4a57b1e44,QJDIA5K,20260604T203351.000,196.21,Manager
0c64347f-7789-4cd5-8349-0e099a24b07d,c1623b27-09ba-4aaf-94f2-303d76dab3ab,TOX9BTG,20260604T194548.000,292.35,Trainee
cc453118-028c-4623-86b1-342d5724538f,afb799b7-812e-4e25-ab6f-527ba2e24c49,O7O4RF3Y1A6A,20260604T114233.000,101.03,Seller
809d7eb3-66cd-4589-a447-22c493d955a5,3d1941ec-efe6-4d56-9bba-6482c746c309,HI8P9KYXQT,20260604T093143.000,39.36,Cashier
809d7eb3-66cd-4589-a447-22c493d955a5,4d8a8d93-4880-4b0a-bb2f-5cde1fb08372,47AIJ22THI4B,20260604T153922.000,89.43,Seller
cc453118-028c-4623-86b1-342d5724538f,f2a175fa-e9de-4ab1-adab-890262079a59,DC0SU,20260604T131730.000,48.89,Cashier
619de4ec-97bf-4f7a-a2db-823de12827b3,e4a34b9d-751e-469f-b764-b5d12def5658,2G7MXECZ,20260604T141833.000,215.73,Trainee
ce406b6e-efe3-4d98-87ac-00ccee88f463,99de2d81-743a-4c19-88df-54088bbcfa30,HGWA4EN,20260604T091151.000,201.02,Seller
58f566e3-835f-42ea-ae7e-8315bc1c4bfd,52216f02-3ff3-4065-8352-55962952b794,APH73,20260604T164642.000,103.28,Trainee
58f566e3-835f-42ea-ae7e-8315bc1c4bfd,c1944867-95a2-4388-9462-6cfcae1c7edb,ZRWWZOYQ7K,20260604T183437.000,153.98,Seller
54697b19-da4f-49e7-b931-e74fbee8c0da,db0bd256-2568-4acf-b957-77406118df47,I82SROO,20260604T193139.000,83.9,Trainee
58fd0d3e-a590-4090-8104-363aeac003db,15326a8e-d8ed-4d9e-a9b3-d9f5e38e7b56,P9IBLG,20260604T130921.000,9.76,Seller
7ae13118-81bb-4ac1-afa8-fcc3b9c96e0a,fb66ff6e-5acc-46a4-9ef8-ea7ea85712a6,K0NBJVZJ,20260604T154417.000,278.99,Cashier
58f566e3-835f-42ea-ae7e-8315bc1c4bfd,d5ad6568-1720-41c9-8e02-4b701f3d62f0,OX6MLDXL,20260604T183732.000,161.89,Cashier
e89f7b31-7256-45cd-9cfd-773eadcf6ca6,8b05d696-0f54-48ee-a369-e1237d9a2620,VWNOH4,20260604T223725.000,243.54,Cashier
9b97cd51-786f-4f11-b59d-8628e7c09d3a,344aebbf-fecd-48b8-9ad8-5db95a64a4d2,0N8FKV49X,20260604T110046.000,296.76,Trainee
0c64347f-7789-4cd5-8349-0e099a24b07d,5720a7fe-aeb0-41a1-9595-fafbbc8d4c07,JI0ZIJKL5,20260604T105646.000,203.22,Trainee
25a8e238-9418-45ad-91be-696b1680f99c,7e53cd5b-c9a3-477b-a0a5-c2c0a47ffae0,CI6SF9TX,20260604T135113.000,45.36,Cashier
619de4ec-97bf-4f7a-a2db-823de12827b3,4d8bf9f2-8a55-4be6-8504-fef35183eb05,UCC1X2,20260604T151329.000,211.8,Seller
58f566e3-835f-42ea-ae7e-8315bc1c4bfd,65b7713f-c232-4633-b4b9-200379aa482f,EU40MU,20260604T111900.000,13.22,Cashier
809d7eb3-66cd-4589-a447-22c493d955a5,2c7c5a2c-0d18-4bf9-b6f1-83faf5db40c6,4H5DBVJQUP,20260604T192228.000,217.11,Cashier
0b718938-3ecc-4919-81de-e58ea054e10b,58fd6b31-ee88-4950-a6e0-bb11c873fcb3,EW15O,20260604T145339.000,106.0,Trainee
a868d35c-272d-4e57-ae73-e9cbdbb4fa3b,a8dc196d-447f-4028-a451-8dce697eaa10,038I5V,20260604T102858.000,98.06,Manager
3fa2e9b8-f282-4d09-9b66-994c4effe132,2ff3cc98-74f8-4541-b08e-57f53af33833,SE3MPGN8P,20260604T090057.000,83.86,Trainee
e89f7b31-7256-45cd-9cfd-773eadcf6ca6,c1cbf373-ebb7-4918-ad8e-178822a1992b,9IAJ1,20260604T145616.000,284.09,Seller
0b718938-3ecc-4919-81de-e58ea054e10b,c1878e37-bdb1-4244-b27f-5d7887355f75,4O6R2L,20260604T132533.000,63.61,Trainee
ce406b6e-efe3-4d98-87ac-00ccee88f463,19566b4b-df0a-4596-9b90-b1c26618cda6,8EAFHL,20260604T165711.000,222.7,Seller
0b718938-3ecc-4919-81de-e58ea054e10b,f19ee13d-1fa9-4972-83df-cbd066eb4bb9,57GZHBB3IK,20260604T164513.000,67.31,Trainee
e89f7b31-7256-45cd-9cfd-773eadcf6ca6,4d20585b-3585-4865-af1c-f5c3859c2b6a,4VD5ZONYN,20260604T180814.000,30.76,Manager
54697b19-da4f-49e7-b931-e74fbee8c0da,805f0afa-3429-436a-a54a-7feb2a1432bd,GU4IBMOHC3WW,20260604T125304.000,159.13,Manager
58f566e3-835f-42ea-ae7e-8315bc1c4bfd,a224fb28-1ce8-4342-a329-331fd7da0752,ZID1BE6XB6,20260604T205438.000,205.33,Manager
e89f7b31-7256-45cd-9cfd-773eadcf6ca6,b26408cf-b118-4e94-b0e8-3805a8167afa,FQV3M1,20260604T180359.000,144.94,Trainee
25a8e238-9418-45ad-91be-696b1680f99c,82446d8f-29d9-4432-988f-624a885dc91a,I0TUUF,20260604T132834.000,132.02,Cashier
